name,category,latitude,longitude,description
Hyde Park,Parks,51.5073,-0.1657,"Free entry. Rated 4.7/5. Hyde Park, London W2 2UH"
Regent's Park,Parks,51.5313,-0.157,"Free entry. Rated 4.7/5. Chester Rd, London NW1 4NR"
Kensington Gardens,Parks,51.5065,-0.1877,Free entry. Rated 4.7/5. London W2 2UH
Greenwich Park,Parks,51.4769,-0.0005,"Free entry. Rated 4.7/5. Greenwich, London SE10 8QY"
Richmond Park,Parks,51.4415,-0.2731,"Free entry. Rated 4.8/5. Richmond, London TW10 5HS"
St James's Park,Parks,51.5028,-0.1347,Free entry. Rated 4.7/5. London SW1A 2BJ
Victoria Park,Parks,51.5361,-0.0387,"Free entry. Rated 4.6/5. Grove Rd, London E3 5TB"
Battersea Park,Parks,51.4791,-0.1587,"Free entry. Rated 4.6/5. Battersea Park, London SW11 4NJ"
Hampstead Heath,Parks,51.5607,-0.1629,Free entry. Rated 4.7/5. London NW3 1TH
Clapham Common,Parks,51.4618,-0.1489,Free entry. Rated 4.5/5. London SW4 9DE
Holland Park,Parks,51.5044,-0.2038,"Free entry. Rated 4.6/5. Ilchester Pl, London W8 6LU"
Bushy Park,Parks,51.4142,-0.3379,"Free entry. Rated 4.7/5. Hampton Court Rd, Teddington TW11 0EQ"
Finsbury Park,Parks,51.5654,-0.1063,Free entry. Rated 4.4/5. London N4 2NQ
Burgess Park,Parks,51.4832,-0.0868,Free entry. Rated 4.4/5. London SE5 0AD
Wandsworth Common,Parks,51.455,-0.1723,Free entry. Rated 4.5/5. London SW18 3BE
Dulwich Park,Parks,51.4457,-0.0848,"Free entry. Rated 4.6/5. Dulwich, London SE21 7BQ"
Crystal Palace Park,Parks,51.4194,-0.0713,"Free entry. Rated 4.5/5. Thicket Rd, London SE20 8DT"
Brockwell Park,Parks,51.4459,-0.1049,"Free entry. Rated 4.6/5. Norwood Rd, London SE24 9BJ"
Alexandra Park,Parks,51.5928,-0.1289,"Free entry. Rated 4.6/5. Alexandra Palace Way, London N22 7AY"
Green Park,Parks,51.5049,-0.1435,Free entry. Rated 4.6/5. London SW1A 1BW
Postman's Park,Parks,51.517,-0.0982,"Free entry. Rated 4.6/5. King Edward St, London EC1A 7BT"
Southwark Park,Parks,51.4967,-0.0498,"Free entry. Rated 4.5/5. Gomm Rd, London SE16 2UA"
Ravenscourt Park,Parks,51.4939,-0.2382,"Free entry. Rated 4.6/5. Paddenswick Rd, London W6 0UL"
Gunnersbury Park,Parks,51.4926,-0.2751,"Free entry. Rated 4.5/5. Gunnersbury Park, London W3 8LQ"
Thames Path (Southbank stretch),Walks,51.5055,-0.116,"Free entry. Rated 4.7/5. South Bank, London SE1"
Regent's Canal Towpath,Walks,51.5362,-0.0998,"Free entry. Rated 4.6/5. Regent's Canal, London N1"
Capital Ring - Section 1,Walks,51.49,0.062,"Free entry. Rated 4.5/5. Woolwich to Falconwood, London"
Jubilee Greenway,Walks,51.5033,-0.1195,Free entry. Rated 4.5/5. Central London loop
Parkland Walk,Walks,51.573,-0.14,"Free entry. Rated 4.7/5. Highgate to Finsbury Park, London"
Hampstead Heath to Highgate Walk,Walks,51.5674,-0.1503,"Free entry. Rated 4.7/5. Hampstead, London NW3"
South Bank Riverside Walk,Walks,51.5061,-0.1147,"Free entry. Rated 4.7/5. South Bank, London SE1"
Grand Union Canal Walk (Little Venice),Walks,51.522,-0.183,"Free entry. Rated 4.6/5. Little Venice, London W2"
Line of Kings to Tower Walk,Walks,51.5074,-0.122,Free entry. Rated 4.5/5. Whitehall to Tower of London
Wimbledon Common Walk,Walks,51.439,-0.236,"Free entry. Rated 4.6/5. Wimbledon, London SW19"
River Lea Towpath Walk,Walks,51.556,-0.035,"Free entry. Rated 4.5/5. Hackney to Tottenham, London"
Greenwich to Woolwich Riverside Walk,Walks,51.4826,0.0077,"Free entry. Rated 4.6/5. Greenwich, London SE10"
Camden to Regent's Park Canal Walk,Walks,51.5416,-0.1466,"Free entry. Rated 4.6/5. Camden Lock, London NW1"
Epping Forest Walk,Walks,51.632,0.019,"Free entry. Rated 4.7/5. Chingford, London E4"
Hackney Marshes Walk,Walks,51.548,-0.033,"Free entry. Rated 4.5/5. Homerton Rd, London E9"
British Museum,Museums,51.5194,-0.127,"Free entry, paid special exhibitions. Rated 4.8/5. Great Russell St, London WC1B 3DG"
Natural History Museum,Museums,51.4967,-0.1764,"Free entry, paid special exhibitions. Rated 4.8/5. Cromwell Rd, London SW7 5BD"
Science Museum,Museums,51.4978,-0.1745,"Free entry, paid special exhibitions. Rated 4.7/5. Exhibition Rd, London SW7 2DD"
Victoria and Albert Museum,Museums,51.4966,-0.1722,"Free entry, paid special exhibitions. Rated 4.8/5. Cromwell Rd, London SW7 2RL"
Tate Modern,Museums,51.5076,-0.0994,"Free entry, paid special exhibitions. Rated 4.7/5. Bankside, London SE1 9TG"
Tate Britain,Museums,51.4909,-0.1276,"Free entry, paid special exhibitions. Rated 4.6/5. Millbank, London SW1P 4RG"
National Gallery,Museums,51.5089,-0.1283,"Free entry, paid special exhibitions. Rated 4.8/5. Trafalgar Square, London WC2N 5DN"
National Portrait Gallery,Museums,51.5094,-0.1281,"Free entry, paid special exhibitions. Rated 4.6/5. St Martin's Pl, London WC2H 0HE"
Imperial War Museum London,Museums,51.4959,-0.1091,"Free entry, paid special exhibitions. Rated 4.7/5. Lambeth Rd, London SE1 6HZ"
Museum of London Docklands,Museums,51.5078,-0.0198,"Free entry, paid special exhibitions. Rated 4.5/5. No. 1 Warehouse, West India Quay, London E14 4AL"
Design Museum,Museums,51.4996,-0.2018,"Free entry, paid special exhibitions. Rated 4.5/5. 224-238 Kensington High St, London W8 6AG"
Sir John Soane's Museum,Museums,51.517,-0.1153,"Free entry. Rated 4.8/5. 13 Lincoln's Inn Fields, London WC2A 3BP"
Horniman Museum,Museums,51.44,-0.0654,"Free entry, paid special exhibitions. Rated 4.7/5. 100 London Rd, Forest Hill, London SE23 3PQ"
Wallace Collection,Museums,51.5171,-0.1519,"Free entry. Rated 4.7/5. Hertford House, Manchester Square, London W1U 3BN"
Churchill War Rooms,Museums,51.5024,-0.1301,"Paid entry. Rated 4.7/5. Clive Steps, King Charles St, London SW1A 2AQ"
Saatchi Gallery,Museums,51.4899,-0.1592,"Free entry, paid special exhibitions. Rated 4.5/5. Duke of York's HQ, King's Rd, London SW3 4RY"
The Postal Museum,Museums,51.5271,-0.1163,"Paid entry. Rated 4.5/5. 15-20 Phoenix Pl, London WC1X 0DA"
Florence Nightingale Museum,Museums,51.499,-0.1183,"Paid entry. Rated 4.4/5. 2 Lambeth Palace Rd, London SE1 7EW"
Museum of the Home,Museums,51.5326,-0.0755,"Free entry, paid special exhibitions. Rated 4.5/5. 136 Kingsland Rd, London E2 8EA"
Fashion and Textile Museum,Museums,51.4986,-0.0836,"Paid entry. Rated 4.3/5. 83 Bermondsey St, London SE1 3XF"
Charles Dickens Museum,Museums,51.524,-0.1173,"Paid entry. Rated 4.5/5. 48-49 Doughty St, London WC1N 2LX"
Freud Museum London,Museums,51.5473,-0.1745,"Paid entry. Rated 4.6/5. 20 Maresfield Gardens, London NW3 5SX"
Geffrye Museum (Museum of the Home),Museums,51.5326,-0.0755,"Free entry. Rated 4.4/5. 136 Kingsland Rd, London E2 8EA"
The Cinema Museum,Museums,51.493,-0.109,"Paid entry. Rated 4.6/5. 2 Dugard Way, London SE11 4TH"
Petrie Museum of Egyptian Archaeology,Museums,51.524,-0.1338,"Free entry. Rated 4.6/5. Malet Pl, London WC1E 6BT"
Grant Museum of Zoology,Museums,51.5245,-0.1345,"Free entry. Rated 4.6/5. Rockefeller Building, University St, London WC1E 6DE"
Foundling Museum,Museums,51.5255,-0.1226,"Paid entry. Rated 4.5/5. 40 Brunswick Square, London WC1N 1AZ"
Tower of London,Landmarks,51.5081,-0.0759,Paid entry. Rated 4.7/5. London EC3N 4AB
Buckingham Palace,Landmarks,51.5014,-0.1419,Paid entry. Rated 4.6/5. London SW1A 1AA
Big Ben / Elizabeth Tower,Landmarks,51.5007,-0.1246,"Free entry. Rated 4.7/5. Westminster, London SW1A 0AA"
Houses of Parliament,Landmarks,51.4995,-0.1248,"Paid entry. Rated 4.7/5. Westminster, London SW1A 0AA"
Westminster Abbey,Landmarks,51.4993,-0.1273,"Paid entry. Rated 4.7/5. 20 Deans Yd, London SW1P 3PA"
St Paul's Cathedral,Landmarks,51.5138,-0.0984,"Paid entry. Rated 4.7/5. St Paul's Churchyard, London EC4M 8AD"
Tower Bridge,Landmarks,51.5055,-0.0754,"Paid entry. Rated 4.7/5. Tower Bridge Rd, London SE1 2UP"
The Shard,Landmarks,51.5045,-0.0865,"Paid entry. Rated 4.6/5. 32 London Bridge St, London SE1 9SG"
London Eye,Landmarks,51.5033,-0.1195,"Paid entry. Rated 4.5/5. Riverside Building, County Hall, London SE1 7PB"
Trafalgar Square,Landmarks,51.508,-0.1281,Free entry. Rated 4.7/5. London WC2N 5DN
Piccadilly Circus,Landmarks,51.5101,-0.1342,Free entry. Rated 4.5/5. London W1J 9HS
Somerset House,Landmarks,51.5109,-0.1176,"Free entry, paid special exhibitions. Rated 4.6/5. Strand, London WC2R 1LA"
Kensington Palace,Landmarks,51.5051,-0.1877,"Paid entry. Rated 4.6/5. Kensington Gardens, London W8 4PX"
The Monument,Landmarks,51.5108,-0.0857,"Paid entry. Rated 4.4/5. Monument St, London EC3R 8AH"
Lambeth Palace,Landmarks,51.4958,-0.1214,"Paid entry. Rated 4.5/5. Lambeth Palace Rd, London SE1 7JU"
Hampton Court Palace,Landmarks,51.4034,-0.3391,"Paid entry. Rated 4.7/5. Molesey, East Molesey KT8 9AU"
Marble Arch,Landmarks,51.5131,-0.1585,Free entry. Rated 4.3/5. London W1H 7EJ
Cutty Sark,Landmarks,51.4826,-0.0097,"Paid entry. Rated 4.5/5. King William Walk, Greenwich, London SE10 9HT"
Royal Observatory Greenwich,Landmarks,51.4769,-0.0005,"Paid entry. Rated 4.6/5. Blackheath Ave, Greenwich, London SE10 8XJ"
Old Royal Naval College,Landmarks,51.4826,-0.0088,"Free entry, paid special exhibitions. Rated 4.7/5. King William Walk, Greenwich, London SE10 9NN"
Millennium Bridge,Landmarks,51.5095,-0.0985,"Free entry. Rated 4.6/5. Bankside, London SE1 9JE"
Leadenhall Market,Landmarks,51.5128,-0.0836,"Free entry. Rated 4.6/5. Gracechurch St, London EC3V 1LT"
St Pancras Renaissance Hotel / Station,Landmarks,51.532,-0.1263,"Free entry. Rated 4.6/5. Euston Rd, London NW1 2AR"
Notting Hill (Portobello area),Landmarks,51.5152,-0.1966,"Free entry. Rated 4.5/5. Notting Hill, London W11"
Camden Lock,Landmarks,51.5416,-0.1466,"Free entry. Rated 4.4/5. Camden, London NW1 8AF"
Sky Garden,Vantage Points,51.5113,-0.0834,"Free entry. Rated 4.4/5. 20 Fenchurch St, London EC3M 8AF"
The View from The Shard,Vantage Points,51.5045,-0.0865,"Paid entry. Rated 4.5/5. 32 London Bridge St, London SE1 9SG"
Primrose Hill,Vantage Points,51.539,-0.1608,"Free entry. Rated 4.7/5. Primrose Hill, London NW1 4NR"
Parliament Hill (Hampstead Heath),Vantage Points,51.5583,-0.1608,"Free entry. Rated 4.7/5. Hampstead Heath, London NW5 1QR"
Greenwich Park Viewpoint,Vantage Points,51.4772,-0.0009,"Free entry. Rated 4.7/5. Blackheath Ave, London SE10 8XJ"
One New Change Rooftop,Vantage Points,51.5139,-0.0982,"Free entry. Rated 4.3/5. 1 New Change, London EC4M 9AF"
Alexandra Palace Viewpoint,Vantage Points,51.5941,-0.1279,"Free entry. Rated 4.7/5. Alexandra Palace Way, London N22 7AY"
Waterstones Piccadilly Rooftop (5th View),Vantage Points,51.5088,-0.1367,"Free entry. Rated 4.3/5. 203-206 Piccadilly, London W1J 9HD"
Horniman Museum Gardens Viewpoint,Vantage Points,51.4402,-0.0654,"Free entry. Rated 4.6/5. 100 London Rd, London SE23 3PQ"
Tower Bridge Glass Floor Walkway,Vantage Points,51.5055,-0.0754,"Paid entry. Rated 4.6/5. Tower Bridge Rd, London SE1 2UP"
The Garden at 120,Vantage Points,51.5119,-0.0822,"Free entry. Rated 4.4/5. 120 Fenchurch St, London EC3M 5BA"
"Point Hill, Blackheath",Vantage Points,51.472,-0.01,"Free entry. Rated 4.5/5. Point Hill, London SE10"
Borough Market,Markets,51.5055,-0.091,"Free entry. Rated 4.7/5. 8 Southwark St, London SE1 1TL"
Camden Market,Markets,51.5416,-0.1466,"Free entry. Rated 4.4/5. Camden Lock Pl, London NW1 8AF"
Portobello Road Market,Markets,51.5165,-0.2054,"Free entry. Rated 4.5/5. Portobello Rd, London W11 1LA"
Old Spitalfields Market,Markets,51.5194,-0.0761,"Free entry. Rated 4.5/5. 16 Horner Square, London E1 6EW"
Greenwich Market,Markets,51.4816,-0.01,"Free entry. Rated 4.5/5. 5b Greenwich Market, London SE10 9HZ"
Brick Lane Market,Markets,51.5225,-0.0714,"Free entry. Rated 4.4/5. Brick Lane, London E1 6QL"
Columbia Road Flower Market,Markets,51.5292,-0.0722,"Free entry. Rated 4.7/5. Columbia Rd, London E2 7RG"
Broadway Market,Markets,51.5364,-0.0592,"Free entry. Rated 4.5/5. Broadway Market, London E8 4QJ"
Maltby Street Market,Markets,51.4977,-0.0777,"Free entry. Rated 4.6/5. Maltby St, London SE1 3PA"
Alfie's Antique Market,Markets,51.5262,-0.1727,"Free entry. Rated 4.5/5. 13-25 Church St, London NW8 8DT"
Leather Lane Market,Markets,51.5199,-0.1088,"Free entry. Rated 4.2/5. Leather Ln, London EC1N 7RJ"
Whitecross Street Market,Markets,51.5231,-0.0955,"Free entry. Rated 4.3/5. Whitecross St, London EC1Y 8JL"
Berwick Street Market,Markets,51.5136,-0.1364,"Free entry. Rated 4.3/5. Berwick St, London W1F 0PH"
Petticoat Lane Market,Markets,51.5164,-0.0754,"Free entry. Rated 4.1/5. Middlesex St, London E1 7EX"
Smithfield Market,Markets,51.5186,-0.1017,"Free entry. Rated 4.3/5. Charterhouse St, London EC1A 9PS"
Royal Opera House,Theatre/Cinemas,51.5129,-0.1223,"Ticketed venue. Rated 4.8/5. Bow St, London WC2E 9DD"
National Theatre,Theatre/Cinemas,51.5065,-0.1141,"Ticketed venue. Rated 4.7/5. South Bank, London SE1 9PX"
Shakespeare's Globe,Theatre/Cinemas,51.5081,-0.0972,"Ticketed venue. Rated 4.7/5. 21 New Globe Walk, London SE1 9DT"
Theatre Royal Drury Lane,Theatre/Cinemas,51.5127,-0.1198,"Ticketed venue. Rated 4.6/5. Catherine St, London WC2B 5JF"
Old Vic,Theatre/Cinemas,51.5015,-0.1097,"Ticketed venue. Rated 4.6/5. The Cut, London SE1 8NB"
Wyndham's Theatre,Theatre/Cinemas,51.5117,-0.1284,"Ticketed venue. Rated 4.6/5. Charing Cross Rd, London WC2H 0DA"
Apollo Victoria Theatre,Theatre/Cinemas,51.4946,-0.1442,"Ticketed venue. Rated 4.6/5. 17 Wilton Rd, London SW1V 1LG"
Palladium Theatre,Theatre/Cinemas,51.5142,-0.1408,"Ticketed venue. Rated 4.7/5. 8 Argyll St, London W1F 7TF"
Barbican Theatre,Theatre/Cinemas,51.5203,-0.0937,"Ticketed venue. Rated 4.6/5. Silk St, London EC2Y 8DS"
Donmar Warehouse,Theatre/Cinemas,51.5142,-0.1268,"Ticketed venue. Rated 4.7/5. 41 Earlham St, London WC2H 9LX"
Sadler's Wells Theatre,Theatre/Cinemas,51.5294,-0.1067,"Ticketed venue. Rated 4.6/5. Rosebery Ave, London EC1R 4TN"
Hammersmith Apollo (Eventim Apollo),Theatre/Cinemas,51.493,-0.2237,"Ticketed venue. Rated 4.6/5. 45 Queen Caroline St, London W6 9QH"
Young Vic,Theatre/Cinemas,51.5019,-0.1085,"Ticketed venue. Rated 4.6/5. 66 The Cut, London SE1 8LZ"
Hackney Empire,Theatre/Cinemas,51.546,-0.0559,"Ticketed venue. Rated 4.6/5. 291 Mare St, London E8 1EJ"
Adelphi Theatre,Theatre/Cinemas,51.5104,-0.1213,"Ticketed venue. Rated 4.6/5. Strand, London WC2R 0NS"
Lyceum Theatre,Theatre/Cinemas,51.5117,-0.1197,"Ticketed venue. Rated 4.6/5. 21 Wellington St, London WC2E 7RQ"
Regent's Park Open Air Theatre,Theatre/Cinemas,51.53,-0.1554,"Ticketed venue. Rated 4.7/5. Inner Cir, London NW1 4NU"
BFI Southbank,Theatre/Cinemas,51.5065,-0.116,"Ticketed venue. Rated 4.6/5. Belvedere Rd, London SE1 8XT"
Curzon Soho,Theatre/Cinemas,51.5124,-0.1317,"Ticketed venue. Rated 4.6/5. 99 Shaftesbury Ave, London W1D 5DY"
Electric Cinema Notting Hill,Theatre/Cinemas,51.5157,-0.2049,"Ticketed venue. Rated 4.5/5. 191 Portobello Rd, London W11 2ED"
Prince Charles Cinema,Theatre/Cinemas,51.5117,-0.1302,"Ticketed venue. Rated 4.8/5. 7 Leicester Pl, London WC2H 7BY"
Genesis Cinema,Theatre/Cinemas,51.5194,-0.047,"Ticketed venue. Rated 4.5/5. 93-95 Mile End Rd, London E1 4UJ"
Rio Cinema,Theatre/Cinemas,51.5471,-0.0755,"Ticketed venue. Rated 4.6/5. 107 Kingsland High St, London E8 2PB"
Everyman Baker Street,Theatre/Cinemas,51.5203,-0.1567,"Ticketed venue. Rated 4.6/5. 96-98 Baker St, London W1U 6TJ"
Picturehouse Central,Theatre/Cinemas,51.5113,-0.133,"Ticketed venue. Rated 4.5/5. Corner of, Shaftesbury Ave, London W1D 7DH"
The Castle Cinema,Theatre/Cinemas,51.5453,-0.0392,"Ticketed venue. Rated 4.7/5. 64-66 Brooksby's Walk, London E9 6DA"
ODEON Luxe Leicester Square,Theatre/Cinemas,51.5106,-0.1305,"Ticketed venue. Rated 4.5/5. 24-26 Leicester Square, London WC2H 7LQ"
Peckhamplex,Theatre/Cinemas,51.4713,-0.0684,"Ticketed venue. Rated 4.6/5. 95A Rye Ln, London SE15 4ST"
Regent Street Cinema,Theatre/Cinemas,51.5177,-0.142,"Ticketed venue. Rated 4.6/5. 307 Regent St, London W1B 2HW"
The Churchill Arms,Pubs,51.5057,-0.1972,"££ · Beer And Food. Rated 4.5/5. 119 Kensington Church St, London W8 7LN"
The Mayflower,Pubs,51.5015,-0.0524,"££ · Beer And Food. Rated 4.5/5. 117 Rotherhithe St, London SE16 4NF"
The Lamb & Flag,Pubs,51.5122,-0.1257,"££ · Beer And Food. Rated 4.5/5. 33 Rose St, London WC2E 9EB"
Ye Olde Cheshire Cheese,Pubs,51.5142,-0.1092,"££ · Beer And Food. Rated 4.4/5. 145 Fleet St, London EC4A 2BU"
The Spaniards Inn,Pubs,51.5717,-0.1729,"££ · Beer And Food. Rated 4.5/5. Spaniards Rd, London NW3 7JJ"
The Prospect of Whitby,Pubs,51.5057,-0.0546,"££ · Beer And Food. Rated 4.4/5. 57 Wapping Wall, London E1W 3SH"
The Grapes,Pubs,51.51,-0.0378,"££ · Beer And Food. Rated 4.6/5. 76 Narrow St, London E14 8BP"
The Blackfriar,Pubs,51.5122,-0.1039,"££ · Beer And Food. Rated 4.5/5. 174 Queen Victoria St, London EC4V 4EG"
The Anchor Bankside,Pubs,51.5074,-0.092,"££ · Beer And Food. Rated 4.3/5. 34 Park St, London SE1 9EF"
The Sherlock Holmes,Pubs,51.5074,-0.1257,"££ · Beer And Food. Rated 4.3/5. 10-11 Northumberland St, London WC2N 5DB"
The Star Tavern,Pubs,51.4988,-0.1553,"£££ · Beer And Food. Rated 4.5/5. 6 Belgrave Mews West, London SW1X 8HT"
The Dove,Pubs,51.4903,-0.2368,"££ · Beer And Food. Rated 4.5/5. 19 Upper Mall, London W6 9TA"
The Old Bank of England,Pubs,51.5143,-0.1096,"££ · Beer And Food. Rated 4.4/5. 194 Fleet St, London EC4A 2LT"
The French House,Pubs,51.5133,-0.1322,"££ · Beer And Food. Rated 4.4/5. 49 Dean St, London W1D 5BG"
The Windsor Castle,Pubs,51.5063,-0.199,"££ · Beer And Food. Rated 4.5/5. 114 Campden Hill Rd, London W8 7AR"
The Eagle,Pubs,51.5251,-0.109,"££ · Modern European Gastropub. Rated 4.4/5. 159 Farringdon Rd, London EC1R 3AL"
The Harp,Pubs,51.5099,-0.1265,"££ · Beer And Food. Rated 4.6/5. 47 Chandos Pl, London WC2N 4HS"
Ye Olde Mitre,Pubs,51.5188,-0.1073,"££ · Beer And Food. Rated 4.6/5. 1 Ely Ct, London EC1N 6SJ"
The Jerusalem Tavern,Pubs,51.5219,-0.103,"££ · Beer And Food. Rated 4.5/5. 55 Britton St, London EC1M 5UQ"
The Cross Keys,Pubs,51.515,-0.1246,"££ · Beer And Food. Rated 4.4/5. 1 Endell St, London WC2H 9BA"
The Golden Heart,Pubs,51.5194,-0.0742,"££ · Beer And Food. Rated 4.3/5. 110 Commercial St, London E1 6LZ"
The Ten Bells,Pubs,51.5188,-0.0745,"££ · Beer And Food. Rated 4.3/5. 84 Commercial St, London E1 6LY"
The Flask,Pubs,51.5573,-0.1786,"££ · Beer And Food. Rated 4.4/5. 14 Flask Walk, London NW3 1HE"
The Holly Bush,Pubs,51.5606,-0.1795,"££ · Beer And Food. Rated 4.6/5. 22 Holly Mount, London NW3 6SG"
The Guinea Grill,Pubs,51.5108,-0.147,"£££ · Beer And Food. Rated 4.5/5. 30 Bruton Pl, London W1J 6NL"
The White Hart,Pubs,51.5153,-0.1235,"££ · Beer And Food. Rated 4.3/5. 191 Drury Ln, London WC2B 5QD"
The American Bar at The Savoy,Bars,51.5101,-0.1198,"££££ · Cocktails. Rated 4.6/5. Strand, London WC2R 0EZ"
Connaught Bar,Bars,51.5099,-0.1483,"££££ · Cocktails. Rated 4.8/5. Carlos Pl, London W1K 2AL"
Swift Soho,Bars,51.5136,-0.1318,"£££ · Cocktails. Rated 4.6/5. 12 Old Compton St, London W1D 4TQ"
Nightjar,Bars,51.5279,-0.0888,"£££ · Cocktails. Rated 4.6/5. 129 City Rd, London EC1V 1JB"
The Ritz Bar,Bars,51.5069,-0.1425,"££££ · Cocktails. Rated 4.6/5. 150 Piccadilly, London W1J 9BR"
Sky Pod Bar (Sky Garden),Bars,51.5113,-0.0834,"£££ · Cocktails. Rated 4.3/5. 20 Fenchurch St, London EC3M 8AF"
Bar Termini,Bars,51.5136,-0.1322,"£££ · Cocktails. Rated 4.6/5. 7 Old Compton St, London W1D 5JE"
The Blues Kitchen Camden,Bars,51.539,-0.1435,"££ · Cocktails. Rated 4.4/5. 111-113 Camden High St, London NW1 7JN"
Discount Suit Company,Bars,51.5163,-0.0756,"£££ · Cocktails. Rated 4.5/5. 29a Wentworth St, London E1 7TB"
The Gibson,Bars,51.5254,-0.0919,"£££ · Cocktails. Rated 4.5/5. 44 Old St, London EC1V 9AJ"
Oriole,Bars,51.5185,-0.0862,"£££ · Cocktails. Rated 4.6/5. Blomfield St, London EC2M 7AY"
Mr Fogg's Residence,Bars,51.5107,-0.1454,"£££ · Cocktails. Rated 4.5/5. 15 Bruton Ln, London W1J 6JD"
Callooh Callay,Bars,51.5259,-0.0797,"£££ · Cocktails. Rated 4.5/5. 65 Rivington St, London EC2A 3AY"
Lyaness,Bars,51.5065,-0.1101,"££££ · Cocktails. Rated 4.6/5. South Bank, Sea Containers, London SE1 9PD"
The Cocktail Trading Co.,Bars,51.5128,-0.124,"£££ · Cocktails. Rated 4.6/5. 68 Long Acre, London WC2E 9JD"
Scarfes Bar (Rosewood London),Bars,51.517,-0.1176,"£££ · Cocktails. Rated 4.6/5. 252 High Holborn, London WC1V 7EN"
Seed Library,Bars,51.5133,-0.098,"£££ · Cocktails. Rated 4.5/5. 1 Godliman St, London EC4V 5BD"
Dishoom Covent Garden,Restaurants,51.5117,-0.1272,"££ · Indian. Rated 4.6/5. 12 Upper St Martin's Ln, London WC2H 9FB"
Dishoom Shoreditch,Restaurants,51.5254,-0.0783,"££ · Indian. Rated 4.6/5. 7 Boundary St, London E2 7JE"
Padella,Restaurants,51.5052,-0.0907,"££ · Italian. Rated 4.6/5. 6 Southwark St, London SE1 1TQ"
Franco Manca Brixton,Restaurants,51.4626,-0.1145,"£ · Pizza. Rated 4.5/5. 4 Market Row, London SW9 8LD"
The Palomar,Restaurants,51.5117,-0.1349,"£££ · Middle Eastern. Rated 4.6/5. 34 Rupert St, London W1D 6DN"
Hoppers Soho,Restaurants,51.514,-0.1323,"££ · Sri Lankan. Rated 4.6/5. 49 Frith St, London W1D 4SG"
Barrafina Soho,Restaurants,51.5133,-0.1319,"£££ · Spanish Tapas. Rated 4.6/5. 26-27 Dean St, London W1D 3LL"
Gymkhana,Restaurants,51.5089,-0.1436,"££££ · Indian. Rated 4.7/5. 42 Albemarle St, London W1S 4JH"
St. JOHN,Restaurants,51.5203,-0.1032,"£££ · British. Rated 4.5/5. 26 St John St, London EC1M 4AY"
Sketch (The Gallery),Restaurants,51.5127,-0.1417,"££££ · French. Rated 4.5/5. 9 Conduit St, London W1S 2XG"
Duck & Waffle,Restaurants,51.5175,-0.0818,"£££ · British. Rated 4.5/5. 110 Bishopsgate, London EC2N 4AY"
The Ledbury,Restaurants,51.5164,-0.2016,"££££ · French. Rated 4.7/5. 127 Ledbury Rd, London W11 2AQ"
Bao Soho,Restaurants,51.5136,-0.1367,"££ · Taiwanese. Rated 4.5/5. 53 Lexington St, London W1F 9AS"
Flat Iron Covent Garden,Restaurants,51.5163,-0.1288,"££ · Steak. Rated 4.5/5. 9 Denmark St, London WC2H 8LS"
Kiln,Restaurants,51.5117,-0.1359,"££ · Thai. Rated 4.6/5. 58 Brewer St, London W1F 9TL"
Bright,Restaurants,51.535,-0.0568,"£££ · British. Rated 4.6/5. 1 Westgate St, London E8 3RL"
Lyle's,Restaurants,51.5245,-0.0777,"£££ · British. Rated 4.6/5. Tea Building, 56 Shoreditch High St, London E1 6JJ"
Brat,Restaurants,51.5245,-0.0778,"£££ · Spanish Basque. Rated 4.6/5. 4 Redchurch St, London E2 7DJ"
The River Café,Restaurants,51.4879,-0.2237,"££££ · Italian. Rated 4.6/5. Thames Wharf, Rainville Rd, London W6 9HA"
Core by Clare Smyth,Restaurants,51.5155,-0.202,"££££ · British. Rated 4.8/5. 92 Kensington Park Rd, London W11 2PN"
Sabor,Restaurants,51.5117,-0.1408,"£££ · Spanish. Rated 4.6/5. 35-37 Heddon St, London W1B 4BR"
Bancone Covent Garden,Restaurants,51.509,-0.1263,"££ · Italian Pasta. Rated 4.6/5. 39 William IV St, London WC2N 4DD"
Berenjak,Restaurants,51.5133,-0.1319,"££ · Persian. Rated 4.6/5. 27 Romilly St, London W1D 5AL"
Cocotte Notting Hill,Restaurants,51.5157,-0.193,"£££ · French Roast Chicken. Rated 4.5/5. 95 Westbourne Grove, London W2 4UW"
Casa Tua,Restaurants,51.4599,-0.1655,"££ · Italian. Rated 4.5/5. 44 Northcote Rd, London SW11 1PA"
Rules,Restaurants,51.5111,-0.1229,"££££ · British Game. Rated 4.6/5. 35 Maiden Ln, London WC2E 7LB"
The Wolseley,Restaurants,51.5074,-0.1414,"£££ · European Brasserie. Rated 4.5/5. 160 Piccadilly, London W1J 9EB"
J Sheekey,Restaurants,51.5111,-0.1281,"££££ · Seafood. Rated 4.6/5. 28-32 St Martin's Ct, London WC2N 4AL"
Sweetings,Restaurants,51.5127,-0.0942,"£££ · Seafood. Rated 4.5/5. 39 Queen Victoria St, London EC4N 4SF"
Hakkasan Mayfair,Restaurants,51.5106,-0.1454,"££££ · Chinese. Rated 4.5/5. 17 Bruton St, London W1J 6QB"
Yauatcha Soho,Restaurants,51.5134,-0.1362,"£££ · Chinese Dim Sum. Rated 4.5/5. 15-17 Broadwick St, London W1F 0DL"
Roka Charlotte Street,Restaurants,51.5194,-0.1354,"£££ · Japanese. Rated 4.6/5. 37 Charlotte St, London W1T 1RR"
Nobu London,Restaurants,51.5065,-0.1503,"££££ · Japanese. Rated 4.5/5. 19 Old Park Ln, London W1K 1LB"
Zuma London,Restaurants,51.5013,-0.1608,"££££ · Japanese. Rated 4.6/5. 5 Raphael St, London SW7 1DL"
Barrafina Adelaide Street,Restaurants,51.5091,-0.1258,"£££ · Spanish Tapas. Rated 4.6/5. 10 Adelaide St, London WC2N 4HZ"
Poppies Fish & Chips Spitalfields,Restaurants,51.5202,-0.0733,"££ · Fish And Chips. Rated 4.5/5. 6-8 Hanbury St, London E1 6QR"
The Golden Chippy,Restaurants,51.5133,-0.1318,"£ · Fish And Chips. Rated 4.4/5. 62 Old Compton St, London W1D 4UN"
Homeslice Neal's Yard,Restaurants,51.5142,-0.1265,"££ · Pizza. Rated 4.5/5. 13 Neal's Yard, London WC2H 9DP"
Franco Manca Chiswick,Restaurants,51.4938,-0.2611,"£ · Pizza. Rated 4.5/5. 144 Chiswick High Rd, London W4 1PU"
Pastaio,Restaurants,51.5131,-0.1394,"££ · Italian Pasta. Rated 4.5/5. 19 Ganton St, London W1F 9BN"
Lina Stores Soho,Restaurants,51.5124,-0.1362,"££ · Italian Deli. Rated 4.6/5. 18 Brewer St, London W1F 0SH"
Bocca di Lupo,Restaurants,51.5113,-0.135,"£££ · Italian. Rated 4.6/5. 12 Archer St, London W1D 7BB"
Polpo Soho,Restaurants,51.5128,-0.1391,"££ · Italian Venetian. Rated 4.4/5. 41 Beak St, London W1F 9SB"
Padella Shoreditch,Restaurants,51.5259,-0.0821,"££ · Italian. Rated 4.5/5. Unit 3, 46 Great Eastern St, London EC2A 3EP"
Song Que Café,Restaurants,51.53,-0.0765,"££ · Vietnamese. Rated 4.5/5. 134 Kingsland Rd, London E2 8DY"
Mien Tay,Restaurants,51.5297,-0.0765,"££ · Vietnamese. Rated 4.5/5. 122 Kingsland Rd, London E2 8DP"
Tayyabs,Restaurants,51.5163,-0.0651,"££ · Pakistani. Rated 4.4/5. 83-89 Fieldgate St, London E1 1JU"
Needoo Grill,Restaurants,51.5171,-0.0631,"££ · Pakistani. Rated 4.4/5. 87 New Rd, London E1 1HH"
Lahore Kebab House,Restaurants,51.5147,-0.0637,"££ · Pakistani. Rated 4.4/5. 2-10 Umberston St, London E1 1PY"
Gunpowder,Restaurants,51.5178,-0.0738,"££ · Indian. Rated 4.6/5. 11 White's Row, London E1 7NF"
Dishoom King's Cross,Restaurants,51.535,-0.1259,"££ · Indian. Rated 4.6/5. 5 Stable St, London N1C 4AB"
Franco's Restaurant,Restaurants,51.5089,-0.1382,"£££ · Italian. Rated 4.5/5. 61 Jermyn St, London SW1Y 6LX"
Quo Vadis,Restaurants,51.5133,-0.1319,"£££ · British. Rated 4.5/5. 26-29 Dean St, London W1D 3LL"
The Delaunay,Restaurants,51.5127,-0.1173,"£££ · European. Rated 4.5/5. 55 Aldwych, London WC2B 4BB"
Brasserie Zédel,Restaurants,51.5108,-0.1358,"££ · French. Rated 4.5/5. 20 Sherwood St, London W1F 7ED"
Le Gavroche,Restaurants,51.5121,-0.1552,"££££ · French. Rated 4.7/5. 43 Upper Brook St, London W1K 7QR"
Cafe Murano,Restaurants,51.5069,-0.1401,"£££ · Italian. Rated 4.5/5. 33 St James's St, London SW1A 1HD"
Ottolenghi Islington,Restaurants,51.5449,-0.1029,"££ · Mediterranean. Rated 4.5/5. 287 Upper St, London N1 2TZ"
The Barbary,Restaurants,51.5142,-0.1265,"££ · North African. Rated 4.6/5. 16 Neal's Yard, London WC2H 9DP"
Morito Hackney Road,Restaurants,51.5296,-0.07,"££ · Spanish Tapas. Rated 4.5/5. 195 Hackney Rd, London E2 8JL"
Moro,Restaurants,51.5251,-0.11,"£££ · Spanish Moroccan. Rated 4.6/5. 34-36 Exmouth Market, London EC1R 4QE"
Chin Chin Labs,Restaurants,51.5417,-0.1461,"£ · Ice Cream. Rated 4.4/5. 49-50 Camden Lock Pl, London NW1 8AF"
Poppies Camden,Restaurants,51.5411,-0.1436,"££ · Fish And Chips. Rated 4.4/5. 30 Hawley Cres, London NW1 8NP"
The Clove Club,Restaurants,51.5265,-0.0803,"££££ · British. Rated 4.6/5. Shoreditch Town Hall, 380 Old St, London EC1V 9LT"
Smoking Goat,Restaurants,51.5238,-0.0763,"££ · Thai. Rated 4.5/5. 64-65 Shoreditch High St, London E1 6JJ"
Som Saa,Restaurants,51.5169,-0.0738,"££ · Thai. Rated 4.5/5. 43a Commercial St, London E1 6BD"
Sticks'n'Sushi Covent Garden,Restaurants,51.5115,-0.1237,"£££ · Japanese. Rated 4.5/5. 11 Henrietta St, London WC2E 8PS"
Bubbledogs / Kitchen Table,Restaurants,51.5199,-0.1358,"£££ · Modern European. Rated 4.5/5. 70 Charlotte St, London W1T 4QG"
The Palomar Bar Snacks,Restaurants,51.5117,-0.1349,"££ · Middle Eastern. Rated 4.5/5. 34 Rupert St, London W1D 6DN"
Ciao Bella,Restaurants,51.5223,-0.1176,"££ · Italian. Rated 4.5/5. 86-90 Lamb's Conduit St, London WC1N 3LZ"
Andina Shoreditch,Restaurants,51.5244,-0.0782,"££ · Peruvian. Rated 4.5/5. 1 Redchurch St, London E2 7DJ"
Ceviche Soho,Restaurants,51.5138,-0.1319,"££ · Peruvian. Rated 4.5/5. 17 Frith St, London W1D 4RG"
Casita Andina,Restaurants,51.5111,-0.1351,"££ · Peruvian. Rated 4.4/5. 31 Great Windmill St, London W1D 7LP"
Rovi,Restaurants,51.5183,-0.1412,"£££ · Vegetable-Forward. Rated 4.5/5. 59 Wells St, London W1A 3AE"
Nopi,Restaurants,51.5119,-0.1391,"£££ · Mediterranean. Rated 4.5/5. 21-22 Warwick St, London W1B 5NE"
Kricket Soho,Restaurants,51.5106,-0.1358,"££ · Indian. Rated 4.5/5. 12 Denman St, London W1D 7HH"
Bao Fitzrovia,Restaurants,51.5187,-0.1357,"££ · Taiwanese. Rated 4.5/5. 31 Windmill St, London W1T 2JN"
Wright Brothers Borough Market,Restaurants,51.506,-0.091,"£££ · Seafood. Rated 4.5/5. 11 Stoney St, London SE1 9AD"
Elliot's Café,Restaurants,51.5058,-0.0908,"££ · British Seasonal. Rated 4.5/5. 12 Stoney St, London SE1 9AD"
José Tapas Bar,Restaurants,51.4996,-0.0824,"£££ · Spanish Tapas. Rated 4.6/5. 104 Bermondsey St, London SE1 3UB"
Pizarro,Restaurants,51.498,-0.0817,"£££ · Spanish. Rated 4.5/5. 194 Bermondsey St, London SE1 3TQ"
Franklins,Restaurants,51.4515,-0.0765,"£££ · British. Rated 4.5/5. 157 Lordship Ln, London SE22 8HX"
The Begging Bowl,Restaurants,51.4673,-0.0672,"££ · Thai. Rated 4.5/5. 168 Bellenden Rd, London SE15 4BW"
Artusi,Restaurants,51.4674,-0.0674,"£££ · Italian. Rated 4.5/5. 161 Bellenden Rd, London SE15 4DH"
Levan,Restaurants,51.4728,-0.0656,"£££ · Modern European. Rated 4.6/5. 1 Peckham Hill St, London SE15 5DZ"
Silk Road,Restaurants,51.4735,-0.09,"£ · Chinese Xinjiang. Rated 4.4/5. 49 Camberwell Church St, London SE5 8TR"
Persepolis,Restaurants,51.4737,-0.0685,"£ · Persian. Rated 4.6/5. 28-30 Peckham High St, London SE15 5DT"
Mangal 2,Restaurants,51.5528,-0.076,"££ · Turkish. Rated 4.5/5. 4 Stoke Newington Rd, London N16 8BH"
19 Numara Bos Cirrik,Restaurants,51.5544,-0.0756,"££ · Turkish. Rated 4.5/5. 34 Stoke Newington Rd, London N16 7XJ"
Yasar Halim,Restaurants,51.6106,-0.1088,"£ · Turkish. Rated 4.5/5. 493-495 Green Ln, London N13 4BS"
The Laughing Heart,Restaurants,51.5307,-0.0654,"£££ · Natural Wine Bistro. Rated 4.6/5. 277 Hackney Rd, London E2 8NA"
P. Franco,Restaurants,51.5546,-0.053,"£££ · Natural Wine Small Plates. Rated 4.5/5. 107 Lower Clapton Rd, London E5 0NP"
Bistrotheque,Restaurants,51.533,-0.045,"£££ · French. Rated 4.4/5. 23-27 Wadeson St, London E2 9DR"
Rochelle Canteen,Restaurants,51.5258,-0.0778,"£££ · British. Rated 4.6/5. Arnold Circus, London E2 7ES"
Cafe Cecilia,Restaurants,51.5391,-0.056,"£££ · British. Rated 4.6/5. 32 Andrews Rd, London E8 4QP"
Sager + Wilde Restaurant,Restaurants,51.5306,-0.0517,"£££ · Modern European. Rated 4.5/5. 250 Paradise Row, London E2 9LE"
E5 Bakehouse,Restaurants,51.539,-0.0432,"££ · Bakery Cafe. Rated 4.5/5. 395 Mentmore Terrace, London E8 3PH"
The Marksman,Restaurants,51.5304,-0.0657,"£££ · British Gastropub. Rated 4.6/5. 254 Hackney Rd, London E2 7SJ"
Salt Yard,Restaurants,51.5197,-0.1352,"£££ · Spanish Italian Tapas. Rated 4.5/5. 54 Goodge St, London W1T 4NA"
Opera Tavern,Restaurants,51.5125,-0.1201,"£££ · Spanish Italian Tapas. Rated 4.5/5. 23 Catherine St, London WC2B 5JS"
Dehesa,Restaurants,51.5131,-0.1392,"£££ · Spanish Italian Tapas. Rated 4.4/5. 25 Ganton St, London W1F 9BP"
Bao Borough,Restaurants,51.5054,-0.0906,"££ · Taiwanese. Rated 4.5/5. 6 Bedale St, London SE1 9AL"
Flor,Restaurants,51.5052,-0.0906,"£££ · Bakery Italian. Rated 4.6/5. 5 Bedale St, London SE1 9AL"
A. Wong,Restaurants,51.493,-0.1442,"££££ · Chinese. Rated 4.7/5. 70 Wilton Rd, London SW1V 1DE"
Sabor by Nieves Barragán,Restaurants,51.5117,-0.1408,"£££ · Spanish. Rated 4.6/5. 35-37 Heddon St, London W1B 4BR"
Colbert Brasserie,Restaurants,51.4925,-0.1567,"£££ · French. Rated 4.4/5. 51 Sloane Square, London SW1W 8AX"
The Ivy Chelsea Garden,Restaurants,51.4863,-0.1699,"£££ · British. Rated 4.4/5. 195-197 King's Rd, London SW3 5EJ"
Medlar,Restaurants,51.4816,-0.1815,"££££ · French British. Rated 4.6/5. 438 King's Rd, London SW10 0LJ"
Chutney Mary,Restaurants,51.5064,-0.1408,"££££ · Indian. Rated 4.5/5. 73 St James's St, London SW1A 1PH"
Amaya,Restaurants,51.5008,-0.1584,"££££ · Indian. Rated 4.6/5. Halkin Arcade, 19 Motcomb St, London SW1X 8JT"
Min Jiang,Restaurants,51.5019,-0.1907,"££££ · Chinese Cantonese. Rated 4.6/5. 22 Kensington High St, London W8 4PT"
The Shed,Restaurants,51.5091,-0.1986,"£££ · British Farm-To-Table. Rated 4.4/5. 122 Palace Gardens Terrace, London W8 4RT"
Clarke's,Restaurants,51.5067,-0.1968,"££££ · British. Rated 4.5/5. 124 Kensington Church St, London W8 4BH"
Geales Notting Hill,Restaurants,51.5099,-0.1978,"£££ · Fish And Chips. Rated 4.4/5. 2 Farmer St, London W8 7SN"
The Cow,Restaurants,51.5178,-0.1965,"£££ · Gastropub Seafood. Rated 4.4/5. 89 Westbourne Park Rd, London W2 5QH"
Hereford Road,Restaurants,51.5137,-0.1957,"£££ · British. Rated 4.5/5. 3 Hereford Rd, London W2 4AB"
